task,mean_frac_rank_in_target
IOI,0.5733333333333334
Induction,0.4618798955613578
FactualRecall,0.5121093750000001
